struct,target_chain,mutations,ligname,setname,minimize_energy,resetSce,move,mvdist,mvdrug,ff,surfcost,counterions,nrep,ebindDDG,ebindDDG_std,ebindMT,ebindMT_std,ebindWT,ebindWT_std,ebindMTCpx,ebindMTCpx_std,ebindMTRtr,ebindMTRtr_std,ebindMTLgd,ebindMTLgd_std,ebindWTCpx,ebindWTCpx_std,ebindWTRtr,ebindWTRtr_std,ebindWTLgd,ebindWTLgd_std,epotDDG,epotDDG_std,epotMT,epotMT_std,epotWT,epotWT_std,epotMTCpx,epotMTCpx_std,epotMTRtr,epotMTRtr_std,epotMTLgd,epotMTLgd_std,epotWTCpx,epotWTCpx_std,epotWTRtr,epotWTRtr_std,epotWTLgd,epotWTLgd_std,esolDDG,esolDDG_std,esolMT,esolMT_std,esolWT,esolWT_std,esolMTCpx,esolMTCpx_std,esolMTRtr,esolMTRtr_std,esolMTLgd,esolMTLgd_std,esolWTCpx,esolWTCpx_std,esolWTRtr,esolWTRtr_std,esolWTLgd,esolWTLgd_std,esolcolDDG,esolcolDDG_std,esolcolMT,esolcolMT_std,esolcolWT,esolcolWT_std,esolcolMTCpx,esolcolMTCpx_std,esolcolMTRtr,esolcolMTRtr_std,esolcolMTLgd,esolcolMTLgd_std,esolcolWTCpx,esolcolWTCpx_std,esolcolWTRtr,esolcolWTRtr_std,esolcolWTLgd,esolcolWTLgd_std,esolvdwDDG,esolvdwDDG_std,esolvdwMT,esolvdwMT_std,esolvdwWT,esolvdwWT_std,esolvdwMTCpx,esolvdwMTCpx_std,esolvdwMTRtr,esolvdwMTRtr_std,esolvdwMTLgd,esolvdwMTLgd_std,esolvdwWTCpx,esolvdwWTCpx_std,esolvdwWTRtr,esolvdwWTRtr_std,esolvdwWTLgd,esolvdwWTLgd_std,esurfaccDDG,esurfaccDDG_std,esurfaccMT,esurfaccMT_std,esurfaccWT,esurfaccWT_std,esurfaccMTCpx,esurfaccMTCpx_std,esurfaccMTRtr,esurfaccMTRtr_std,esurfaccMTLgd,esurfaccMTLgd_std,esurfaccWTCpx,esurfaccWTCpx_std,esurfaccWTRtr,esurfaccWTRtr_std,esurfaccWTLgd,esurfaccWTLgd_std
PA_pH1N1_6fs6-E_Baloxavir,E,I38T,Baloxavir,Baloxavir_PA_pH1N1_6fs6-E_Baloxavir_E_I38T_YASARA2_rs0_!backbone_d4_md1_s0.65_c0_r10,True,False,!backbone,4,1,YASARA2,0.155353699261383,0,10,39.6339,4.4769,-74.9774,4.6211,-114.6113,5.7656,39895.8611,11.9324,39900.1774,11.6727,70.6611,3.4178,39887.8648,9.157,39933.2954,10.3369,69.1807,2.8529,34.455,2.7681,-323.1936,4.9187,-357.6486,5.4158,44253.454,17.1768,44509.2638,14.0052,67.3837,1.7571,44246.2685,15.3456,44538.0474,12.7588,65.8697,0.8163,5.1789,3.5503,248.2162,6.2515,243.0373,6.0125,-4357.5929,9.1355,-4609.0864,6.5004,3.2773,2.2116,-4358.4037,8.8074,-4604.752,8.0951,3.311,2.3783,7.8262,3.848,374.5756,6.6379,366.7494,6.6549,-5648.3742,10.14,-5960.5142,7.4989,-62.4357,2.4354,-5650.8784,9.654,-5955.2138,8.7949,-62.4141,2.7007,-2.0427,0.3503,-11.4135,0.449,-9.3708,0.4514,-176.9628,0.8824,-141.8131,0.8641,-23.7362,0.272,-174.8767,0.8887,-141.7321,0.9794,-23.7738,0.2303,-0.6046,0.3652,-114.9459,0.2448,-114.3413,0.4288,1467.7441,0.4752,1493.2409,0.475,89.4492,0.1375,1467.3514,0.5722,1492.1939,0.5914,89.4989,0.2072
PA_pH1N1_6fs6-C_Baloxavir,C,I38T,Baloxavir,Baloxavir_PA_pH1N1_6fs6-C_Baloxavir_C_I38T_YASARA2_rs0_!backbone_d4_md1_s0.65_c0_r10,True,False,!backbone,4,1,YASARA2,0.155353699261383,0,10,34.7685,5.2801,-110.6994,7.7738,-145.4679,9.9717,100346.1368,15.4837,100380.469,21.1579,76.3671,1.3887,100339.952,19.1305,100410.2769,20.5378,75.143,2.7338,31.7874,5.8267,-335.7398,4.1281,-367.5272,7.2551,104838.8385,6.2215,105104.7493,7.1923,69.829,0.8213,104833.1867,10.7698,105131.7424,6.7494,68.9716,2.3929,2.9811,1.6945,225.0404,5.3687,222.0594,4.6375,-4492.7017,14.007,-4724.2802,18.8728,6.5381,1.0633,-4493.2347,13.5249,-4721.4655,17.6931,6.1714,0.8859,4.0787,1.7755,341.4014,6.177,337.3227,5.3908,-5786.3207,15.5342,-6069.6063,21.1917,-58.1158,1.1425,-5786.7695,15.0271,-6065.7856,19.9543,-58.3066,0.9107,0.1121,0.1448,-6.6002,0.8419,-6.7123,0.7814,-155.3352,1.3214,-124.916,2.1478,-23.819,0.1451,-155.1155,1.3342,-124.6462,2.04,-23.757,0.1408,-1.2098,0.2268,-109.7608,0.2591,-108.551,0.1779,1448.9542,0.2567,1470.2421,0.3759,88.4729,0.1121,1448.6503,0.3485,1468.9663,0.4037,88.235,0.1258
NA_H5N1_2hu4_Oseltamivir,A,H274Y,Oseltamivir,Oseltamivir_NA_H5N1_2hu4_Oseltamivir_A_H274Y_YASARA2_rs0_!backbone_d4_md1_s0.65_c0_r10,True,False,!backbone,4,1,YASARA2,0.155353699261383,0,10,-9.4362,2.5987,-209.1297,2.6012,-199.6935,2.4983,-23627.3375,1.5727,-23309.4989,2.0037,-108.7088,0.7991,-23628.839,3.3251,-23312.7099,1.9414,-116.4356,1.0402,1.9514,1.545,-450.4442,0.4322,-452.3956,1.7376,-18353.9483,1.5553,-17900.5066,1.8256,-2.9974,0.0992,-18356.1631,3.0254,-17900.2475,1.7266,-3.52,0.8606,-11.3876,2.9324,241.3145,2.5107,252.7022,1.1821,-5273.3892,1.9059,-5408.9923,0.4385,-105.7114,0.8372,-5272.6758,0.6975,-5412.4624,0.6304,-112.9156,1.0285,-12.6625,3.0468,348.6798,2.5818,361.3423,1.3658,-6902.6902,1.8549,-7078.5454,0.6571,-172.8246,0.9361,-6902.8974,0.8386,-7083.1021,0.6705,-181.1375,1.1481,0.9877,0.2073,-6.8465,0.1171,-7.8343,0.1533,-413.9594,0.1109,-402.4717,0.0869,-4.6412,0.1023,-413.7789,0.1051,-402.1259,0.0808,-3.8188,0.1272,0.2871,0.1459,-100.5188,0.1003,-100.8058,0.1487,2043.2604,0.0957,2072.0248,0.1425,71.7544,0.0765,2044.0005,0.0646,2072.7655,0.093,72.0408,0.0427
NA_H5N1_2hu4_Oseltamivir,B,H274Y,Oseltamivir,Oseltamivir_NA_H5N1_2hu4_Oseltamivir_B_H274Y_YASARA2_rs0_!backbone_d4_md1_s0.65_c0_r10,True,False,!backbone,4,1,YASARA2,0.155353699261383,0,10,35.6118,8.7593,-191.1752,8.1056,-226.787,1.4095,-26201.7574,8.4919,-25900.3282,6.1035,-110.2539,3.1232,-26217.9281,3.9925,-25879.1125,3.6532,-112.0286,1.3056,24.3579,4.4921,-436.1475,4.0745,-460.5054,1.1784,-20963.3729,8.1825,-20529.4664,7.2095,2.2409,0.649,-20974.9113,3.8094,-20508.504,3.7372,-5.9019,0.3749,11.2539,4.4279,244.9723,4.095,233.7184,0.8424,-5238.3845,0.4233,-5370.8619,1.652,-112.4949,3.563,-5243.0168,1.1305,-5370.6085,0.8145,-106.1267,1.12,13.1411,4.8345,354.2714,4.4168,341.1303,1.0083,-6855.0812,0.4576,-7029.2165,1.8423,-180.1361,3.8717,-6860.0913,1.2673,-7028.0448,0.9255,-173.1768,1.2453,-1.982,0.6328,-8.6526,0.5897,-6.6706,0.124,-418.4949,0.0534,-406.159,0.1897,-3.6834,0.4866,-418.9413,0.1381,-407.718,0.0945,-4.5527,0.1437,0.0947,0.2684,-100.6466,0.2815,-100.7413,0.122,2035.1916,0.0641,2064.5136,0.1137,71.3246,0.2022,2036.0158,0.0795,2065.1543,0.0847,71.6028,0.0804
NA_H5N1_3cl0_Oseltamivir,A,Y274H,Oseltamivir,Oseltamivir_NA_H5N1_3cl0_Oseltamivir_A_Y274H_YASARA2_rs0_!backbone_d4_md1_s0.65_c0_r10,True,False,!backbone,4,1,YASARA2,0.155353699261383,0,10,-0.0788,0.7114,-239.5807,0.4335,-239.5019,0.6317,-28566.051,1.7725,-28209.6491,1.9387,-116.8212,0.6731,-28646.1679,0.5162,-28288.9005,0.6902,-117.7655,0.686,0.1113,0.3567,-484.0284,0.3352,-484.1397,0.3821,-22432.6316,1.8033,-21941.8585,1.8937,-6.7447,0.0455,-22510.1546,0.3277,-22019.431,0.3401,-6.5838,0.0688,-0.1902,0.6501,244.4476,0.2117,244.6378,0.629,-6133.4194,0.8077,-6267.7906,0.2607,-110.0765,0.6954,-6136.0134,0.5608,-6269.4695,0.773,-111.1817,0.697,-0.0644,0.6623,351.9785,0.2387,352.043,0.6201,-7703.7451,0.9041,-7878.0444,0.2937,-177.6792,0.7833,-7706.6488,0.5602,-7879.8725,0.837,-178.8192,0.702,0.0575,0.0885,-7.7747,0.0294,-7.8322,0.0921,-442.139,0.0965,-430.0041,0.0331,-4.3602,0.0853,-441.8165,0.0652,-429.8071,0.1003,-4.1771,0.1105,-0.1832,0.1403,-99.7561,0.002,-99.5729,0.1408,2012.4647,0.0006,2040.2579,0.0,71.963,0.0026,2012.4519,0.0684,2040.2102,0.0384,71.8147,0.1132
NA_H5N1_2hu4_Oseltamivir,D,H274Y,Oseltamivir,Oseltamivir_NA_H5N1_2hu4_Oseltamivir_D_H274Y_YASARA2_rs0_!backbone_d4_md1_s0.65_c0_r10,True,False,!backbone,4,1,YASARA2,0.155353699261383,0,10,23.0434,1.0393,-200.2059,0.2445,-223.2493,1.0357,-26034.1651,0.6877,-25728.3339,0.7246,-105.6254,0.254,-26054.741,2.8828,-25716.6649,1.7737,-114.8268,1.2153,18.7159,1.1286,-437.4002,0.2542,-456.1161,1.1055,-20732.4918,0.7656,-20296.6528,0.6297,1.5612,0.1902,-20750.8999,3.2545,-20292.9538,2.1661,-1.83,0.5527,4.3276,0.4794,237.1943,0.2356,232.8667,0.4609,-5301.6733,0.1024,-5431.6811,0.1559,-107.1865,0.1429,-5303.8411,0.7913,-5423.711,1.2451,-112.9968,0.7544,4.3307,0.6399,342.9778,0.265,338.6471,0.5928,-6929.6312,0.1136,-7098.1911,0.1756,-174.418,0.1622,-6931.8812,0.8386,-7089.4179,1.4175,-181.1104,0.8668,-0.9095,0.0364,-7.0074,0.0266,-6.0979,0.0355,-401.2207,0.0138,-389.814,0.0199,-4.3994,0.0235,-401.2541,0.0826,-391.3576,0.1623,-3.7985,0.0995,0.9063,0.1937,-98.7761,0.0188,-99.6824,0.194,2029.1786,0.0009,2056.3239,0.0,71.6308,0.018,2029.2942,0.0424,2057.0645,0.0377,71.9121,0.1416
NA_H5N1_2hu4_Oseltamivir,C,H274Y,Oseltamivir,Oseltamivir_NA_H5N1_2hu4_Oseltamivir_C_H274Y_YASARA2_rs0_!backbone_d4_md1_s0.65_c0_r10,True,False,!backbone,4,1,YASARA2,0.155353699261383,0,10,13.8,5.136,-197.7793,2.8471,-211.5792,4.046,-26948.8732,0.9982,-26639.3899,1.4681,-111.7041,2.2241,-26957.6894,3.9333,-26635.6462,3.0497,-110.4639,0.9414,6.6394,2.5223,-445.2182,0.8808,-451.8576,2.6134,-21710.8847,1.2648,-21264.6497,1.3936,-1.0167,0.059,-21717.2914,2.9127,-21261.5055,1.7421,-3.9284,0.0762,7.1606,3.8429,247.439,2.918,240.2784,1.8175,-5237.9886,0.7804,-5374.7402,0.3279,-110.6874,2.225,-5240.3979,2.1683,-5374.1408,2.1591,-106.5356,0.9714,8.4573,4.21,355.7257,3.2858,347.2683,1.9156,-6861.4242,0.8621,-7038.5475,0.3473,-178.6024,2.524,-6864.4707,2.414,-7037.7701,2.4271,-173.9689,1.0107,-1.3049,0.4503,-7.2065,0.2897,-5.9016,0.2421,-417.9004,0.0504,-406.6362,0.0408,-4.0577,0.2534,-417.6677,0.2574,-407.1782,0.2733,-4.5878,0.1408,0.0081,0.1608,-101.0803,0.1181,-101.0883,0.178,2041.336,0.056,2070.4436,0.0419,71.9727,0.0647,2041.7404,0.0512,2070.8076,0.0551,72.0212,0.1233
PA_pH1N1_6fs6-D_Baloxavir,D,I38T,Baloxavir,Baloxavir_PA_pH1N1_6fs6-D_Baloxavir_D_I38T_YASARA2_rs0_!backbone_d4_md1_s0.65_c0_r10,True,False,!backbone,4,1,YASARA2,0.155353699261383,0,10,42.7218,0.7129,-137.131,0.2283,-179.8528,0.6437,67099.5864,0.7887,67165.7121,0.8228,71.0053,0.0942,67091.493,1.8649,67199.8745,1.2085,71.4713,0.4348,35.8185,0.5112,-391.2884,0.2034,-427.1068,0.6127,71577.2724,0.6644,71887.2248,0.563,81.336,0.0847,71567.9365,1.6172,71913.5559,1.2511,81.4875,0.2874,6.9033,0.5395,254.1573,0.2929,247.254,0.5304,-4477.686,0.5818,-4721.5127,0.7279,-10.3306,0.0354,-4476.4435,0.5235,-4713.6813,0.3471,-10.0162,0.2289,10.5633,0.6005,386.5185,0.3219,375.9552,0.5619,-5737.6632,0.6375,-6047.0053,0.7753,-77.1763,0.0369,-5738.3482,0.524,-6037.4152,0.4062,-76.8882,0.2531,-3.0126,0.0758,-15.7851,0.0454,-12.7726,0.0552,-152.4964,0.083,-114.8193,0.096,-21.8919,0.0077,-150.0351,0.0526,-115.2513,0.0477,-22.0112,0.0361,-0.6474,0.034,-116.576,0.0211,-115.9286,0.0364,1412.4735,0.043,1440.3119,0.0602,88.7376,0.006,1411.9398,0.0626,1438.9852,0.0372,88.8832,0.0275
PA_pH1N1_6fs6-C_Baloxavir,C,I38T,Baloxavir,Baloxavir_PA_pH1N1_6fs6-C_Baloxavir_C_I38T_YASARA2_rs0_!backbone_d4_md1_s0.65_c0_r10,True,False,!backbone,4,1,YASARA2,0.155353699261383,0,10,40.4333,0.8017,-146.0355,0.4125,-186.4688,0.9849,99982.2716,0.5881,100060.8501,0.4233,67.457,0.1027,99973.4875,1.5482,100092.8393,0.7721,67.117,0.0978,34.4368,0.8466,-400.2837,0.226,-434.7205,0.9401,104478.4167,0.4562,104801.2427,0.3278,77.4577,0.0999,104469.0872,1.4719,104826.65,0.6811,77.1577,0.0611,5.9965,0.37,254.2482,0.2225,248.2518,0.3078,-4496.1451,0.3195,-4740.3926,0.2442,-10.0007,0.0611,-4495.5997,0.5463,-4733.8108,0.398,-10.0407,0.0529,8.7015,0.4184,378.9174,0.2368,370.2159,0.332,-5784.7096,0.3585,-6086.6337,0.2714,-76.9933,0.0401,-5785.5383,0.6071,-6078.8686,0.4482,-76.8857,0.049,-2.0969,0.0475,-12.777,0.0268,-10.6801,0.0398,-156.3877,0.0378,-121.6866,0.0284,-21.9241,0.0136,-154.4432,0.0608,-121.8021,0.0464,-21.9611,0.0196,-0.6081,0.0694,-111.8922,0.0497,-111.2841,0.0415,1444.9522,0.0047,1467.9278,0.0021,88.9167,0.0444,1444.3819,0.0215,1466.8599,0.0291,88.8061,0.0257
PA_pH1N1_6fs6-A_Baloxavir,A,I38T,Baloxavir,Baloxavir_PA_pH1N1_6fs6-A_Baloxavir_A_I38T_YASARA2_rs0_!backbone_d4_md1_s0.65_c0_r10,True,False,!backbone,4,1,YASARA2,0.155353699261383,0,10,37.6411,2.7833,-145.9213,0.1852,-183.5624,2.7946,108836.9789,0.6598,108916.8885,0.5708,66.0117,0.1624,108833.8845,4.4196,108950.7599,1.4543,66.687,0.338,33.2142,1.57,-391.8604,0.1918,-425.0746,1.5435,113356.4174,0.5483,113671.5357,0.5324,76.742,0.1777,113350.6359,3.2006,113698.3099,1.4011,77.4006,0.3593,4.4268,1.2529,245.939,0.2285,241.5122,1.2685,-4519.4385,0.2284,-4754.6472,0.1151,-10.7303,0.0421,-4516.7513,1.23,-4747.55,0.2851,-10.7136,0.1001,7.0188,1.4318,373.9927,0.2491,366.974,1.4567,-5790.7019,0.2497,-6087.4769,0.1274,-77.2178,0.03,-5790.4564,1.4664,-6079.8588,0.2461,-77.5715,0.0684,-2.2276,0.1169,-13.099,0.0212,-10.8714,0.1172,-154.2492,0.0185,-119.3051,0.0156,-21.8451,0.0083,-152.1759,0.1435,-119.392,0.0413,-21.9126,0.0252,-0.3643,0.187,-114.9547,0.0127,-114.5904,0.1873,1425.5126,0.0201,1452.1348,0.0133,88.3326,0.0267,1425.881,0.2425,1451.7008,0.1644,88.7706,0.0728
PA_pH1N1_6fs6-E_Baloxavir,E,I38T,Baloxavir,Baloxavir_PA_pH1N1_6fs6-E_Baloxavir_E_I38T_YASARA2_rs0_!backbone_d4_md1_s0.65_c0_r10,True,False,!backbone,4,1,YASARA2,0.155353699261383,0,10,43.3611,1.406,-138.2137,0.6028,-181.5748,1.1319,39563.4734,0.3591,39629.8786,0.3787,71.8085,0.235,39550.4109,2.9527,39660.9979,1.718,70.9878,0.4304,37.1238,1.7071,-397.2074,0.5358,-434.3311,1.4293,43892.6554,0.3229,44208.985,0.292,80.8778,0.2403,43879.7854,3.0179,44233.8233,1.6306,80.2933,0.3257,6.2373,0.4401,258.9937,0.3002,252.7564,0.4178,-4329.182,0.1979,-4579.1065,0.4084,-9.0693,0.0288,-4329.3745,0.2013,-4572.8254,0.2717,-9.3055,0.19,10.085,0.4055,392.2469,0.3461,382.1619,0.3342,-5613.1289,0.2102,-5929.4455,0.4598,-75.9303,0.0419,-5616.1308,0.223,-5922.1512,0.3287,-76.1415,0.2042,-2.9918,0.0465,-16.1859,0.0388,-13.1942,0.0486,-183.4755,0.0235,-145.1772,0.0488,-22.1123,0.0138,-180.5575,0.0604,-145.3179,0.0578,-22.0454,0.0456,-0.8559,0.1747,-117.0673,0.0453,-116.2114,0.1741,1467.4223,0.0255,1495.5162,0.0507,88.9734,0.0085,1467.3138,0.0941,1494.6438,0.0749,88.8814,0.0953
PA_pH1N1_6fs6-F_Baloxavir,F,I38T,Baloxavir,Baloxavir_PA_pH1N1_6fs6-F_Baloxavir_F_I38T_YASARA2_rs0_!backbone_d4_md1_s0.65_c0_r10,True,False,!backbone,4,1,YASARA2,0.155353699261383,0,10,41.6024,0.9955,-143.8236,0.2515,-185.426,1.0016,70069.8737,0.6648,70145.3297,0.4041,68.3675,0.4732,70056.7228,1.1729,70175.1088,0.8691,67.0399,0.2834,34.6745,0.9243,-394.7736,0.183,-429.4481,0.9094,74344.4758,0.6447,74660.1712,0.3283,79.0782,0.4532,74330.1576,1.2214,74682.2217,0.584,77.384,0.3311,6.9279,0.4249,250.9501,0.1823,244.0221,0.4341,-4274.6021,0.1452,-4514.8415,0.209,-10.7107,0.0561,-4273.4349,0.188,-4507.1129,0.4834,-10.3441,0.0991,10.6532,0.4935,382.1411,0.1619,371.4879,0.479,-5501.3707,0.1614,-5805.9962,0.2311,-77.5156,0.0268,-5502.9206,0.1755,-5797.1344,0.5684,-77.274,0.1163,-3.0204,0.0683,-14.8288,0.0165,-11.8085,0.0728,-177.6644,0.0206,-141.0353,0.0234,-21.8003,0.0123,-175.0918,0.0139,-141.3335,0.0751,-21.9498,0.0202,-0.705,0.1297,-116.3622,0.1326,-115.6573,0.0799,1404.433,0.0439,1432.19,0.0014,88.6052,0.0889,1404.5775,0.046,1431.355,0.0207,88.8797,0.0474
PA_pH1N1_6fs6-B_Baloxavir,B,I38T,Baloxavir,Baloxavir_PA_pH1N1_6fs6-B_Baloxavir_B_I38T_YASARA2_rs0_!backbone_d4_md1_s0.65_c0_r10,True,False,!backbone,4,1,YASARA2,0.155353699261383,0,10,38.2801,0.7896,-156.0382,0.3674,-194.3183,0.5716,86497.5706,0.6643,86584.4427,0.8335,69.1661,0.3507,86494.2625,0.77,86619.3383,0.5723,69.2424,0.5302,32.6587,0.58,-398.2417,0.2576,-430.9003,0.4704,90770.9878,0.5701,91091.0638,0.7896,78.1656,0.3458,90766.7239,0.7319,91119.3172,0.3583,78.3071,0.4344,5.6214,0.4391,242.2035,0.2245,236.5821,0.3029,-4273.4171,0.2452,-4506.6211,0.1728,-8.9996,0.0583,-4272.4614,0.1393,-4499.9788,0.3437,-9.0646,0.1397,9.0873,0.5032,367.1571,0.2688,358.0699,0.3376,-5520.4215,0.2759,-5811.5024,0.1905,-76.0762,0.0425,-5521.574,0.1365,-5803.5892,0.3848,-76.0546,0.1308,-2.274,0.0854,-12.0683,0.0285,-9.7943,0.0723,-171.658,0.0352,-137.4838,0.0226,-22.1058,0.0203,-169.598,0.0183,-137.6935,0.0447,-22.1102,0.0317,-1.1918,0.1023,-112.8853,0.0809,-111.6935,0.0544,1418.6623,0.0403,1442.3652,0.0198,89.1824,0.0413,1418.7106,0.0127,1441.3039,0.019,89.1001,0.0481
